Workbook

Sheet Inventory
A1: Kode Barang | B1: Nama Barang | C1: Kategori | D1: Harga Modal (IDR) | E1: Harga Jual (IDR) | F1: Stok Awal | G1: Stok Masuk | H1: Stok Terjual | I1: Stok Akhir
A2: BRG001 | B2: Kemeja Flanel Casual | C2: Pakaian | D2: 75000 | E2: 125000 | F2: 50 | G2: 30 | H2: 45 | I2: =F2+G2-H2 -> 35
A3: BRG002 | B3: Celana Chinos Panjang | C3: Pakaian | D3: 95000 | E3: 160000 | F3: 40 | G3: 20 | H3: 35 | I3: =F3+G3-H3 -> 25
A4: BRG003 | B4: Jaket Hoodie Fleece | C4: Pakaian | D4: 120000 | E4: 200000 | F4: 30 | G4: 15 | H4: 25 | I4: =F4+G4-H4 -> 20
A5: BRG004 | B5: Sepatu Sneakers Kanvas | C5: Sepatu | D5: 150000 | E5: 250000 | F5: 25 | G5: 10 | H5: 20 | I5: =F5+G5-H5 -> 15
A6: BRG005 | B6: Tas Ransel Laptop | C6: Tas | D6: 110000 | E6: 185000 | F6: 20 | G6: 10 | H6: 15 | I6: =F6+G6-H6 -> 15
A7: BRG006 | B7: Topi Baseball Polos | C7: Aksesoris | D7: 25000 | E7: 50000 | F7: 60 | G7: 40 | H7: 50 | I7: =F7+G7-H7 -> 50
A8: BRG007 | B8: Kaos Polos Cotton Combed | C8: Pakaian | D8: 35000 | E8: 70000 | F8: 80 | G8: 50 | H8: 70 | I8: =F8+G8-H8 -> 60
A9: BRG008 | B9: Dompet Kulit Sintetis | C9: Aksesoris | D9: 45000 | E9: 85000 | F9: 35 | G9: 15 | H9: 25 | I9: =F9+G9-H9 -> 25
A10: Total | F10: =SUM(F2:F9) -> 340 | G10: =SUM(G2:G9) -> 190 | H10: =SUM(H2:H9) -> 285 | I10: =SUM(I2:I9) -> 245
A12: Catatan :
A13: Contoh data Inventory

Sheet Penjualan VLOOKUP
A1: ID Transaksi | B1: Tanggal | C1: Kode Barang | D1: Nama Barang | E1: Kategori | F1: Qty Terjual | G1: Harga Satuan (IDR) | H1: Total Penjualan (IDR) | I1: Laba (IDR)
A2: TRK001 | B2: 2026-06-01 | C2: BRG001 | D2: Kemeja Flanel Casual | E2: Pakaian | F2: 5 | G2: 125000 | H2: =F2*G2 -> 625000 | I2: =(G2-VLOOKUP(C2, Inventory!$A$2:$I$9, 4, FALSE))*F2 -> 250000
A3: TRK002 | B3: 2026-06-01 | C3: BRG004 | D3: Sepatu Sneakers Kanvas | E3: Sepatu | F3: 3 | G3: 250000 | H3: =F3*G3 -> 750000 | I3: =(G3-VLOOKUP(C3, Inventory!$A$2:$I$9, 4, FALSE))*F3 -> 300000
A4: TRK003 | B4: 2026-06-02 | C4: BRG006 | D4: Topi Baseball Polos | E4: Aksesoris | F4: 10 | G4: 50000 | H4: =F4*G4 -> 500000 | I4: =(G4-VLOOKUP(C4, Inventory!$A$2:$I$9, 4, FALSE))*F4 -> 250000
A5: TRK004 | B5: 2026-06-03 | C5: BRG002 | D5: Celana Chinos Panjang | E5: Pakaian | F5: 4 | G5: 160000 | H5: =F5*G5 -> 640000 | I5: =(G5-VLOOKUP(C5, Inventory!$A$2:$I$9, 4, FALSE))*F5 -> 260000
A6: TRK005 | B6: 2026-06-04 | C6: BRG007 | D6: Kaos Polos Cotton Combed | E6: Pakaian | F6: 15 | G6: 70000 | H6: =F6*G6 -> 1050000 | I6: =(G6-VLOOKUP(C6, Inventory!$A$2:$I$9, 4, FALSE))*F6 -> 525000
A7: TRK006 | B7: 2026-06-05 | C7: BRG005 | D7: Tas Ransel Laptop | E7: Tas | F7: 2 | G7: 185000 | H7: =F7*G7 -> 370000 | I7: =(G7-VLOOKUP(C7, Inventory!$A$2:$I$9, 4, FALSE))*F7 -> 150000
A8: TRK007 | B8: 2026-06-06 | C8: BRG003 | D8: Jaket Hoodie Fleece | E8: Pakaian | F8: 5 | G8: 200000 | H8: =F8*G8 -> 1000000 | I8: =(G8-VLOOKUP(C8, Inventory!$A$2:$I$9, 4, FALSE))*F8 -> 400000
A9: TRK008 | B9: 2026-06-07 | C9: BRG008 | D9: Dompet Kulit Sintetis | E9: Aksesoris | F9: 6 | G9: 85000 | H9: =F9*G9 -> 510000 | I9: =(G9-VLOOKUP(C9, Inventory!$A$2:$I$9, 4, FALSE))*F9 -> 240000
A10: TRK009 | B10: 2026-06-08 | C10: BRG001 | D10: Kemeja Flanel Casual | E10: Pakaian | F10: 8 | G10: 125000 | H10: =F10*G10 -> 1000000 | I10: =(G10-VLOOKUP(C10, Inventory!$A$2:$I$9, 4, FALSE))*F10 -> 400000
A11: TRK010 | B11: 2026-06-10 | C11: BRG004 | D11: Sepatu Sneakers Kanvas | E11: Sepatu | F11: 4 | G11: 250000 | H11: =F11*G11 -> 1000000 | I11: =(G11-VLOOKUP(C11, Inventory!$A$2:$I$9, 4, FALSE))*F11 -> 400000
A12: Total | F12: =SUM(F2:F11) -> 62 | H12: =SUM(H2:H11) -> 7445000 | I12: =SUM(I2:I11) -> 3175000
A14: Contoh Penggunakan Formula VLOOKUP :
A15: Pada kolom Laba (IDR) menggunakan formula rumus VLOOKUP -> Contoh = (G2-VLOOKUP(C2; Inventory!$A$2:$I$9; 4; FALSE))*F2
A16: Pada kolom G2 Harga Satuan adalah Rp 125.000 dikurangi hasil formula VLOOKUP pada kolom C2 Kode Barang yaitu BRG001
A17: Berdasarkan Kode Barang BRG001 maka dilakukan pencarian pada sheet Inventory yang dimulai dari Cell A2 sampai I9 pada kolom 4 yaitu kolom Harga Modal dengan nilai RP 75.000
A18: Nilainya harus FALSE artinya tidak boleh salah nilainya ketika mengambil data
A19: Kemudian dikalikan F2 pada kolom Qty Terjual yaitu sebanyak 5
A20: Ketika divisualisasikan dalam bentuk bilangan angka maka hasilnya adalah seperti di bawah ini
A21: (125.000 - 75.000)*5 = Rp 250.000,-

Sheet Summary SUMIF
A1: LAPORAN RINGKASAN & ANALISIS PENJUALAN & INVENTORY
A2: Table Gabungan Berdasarkan Kategori Produk
A4: Kategori Produk | B4: Total Qty Terjual | C4: Total Penjualan (IDR) | D4: Total Laba (IDR) | E4: Stok Tersisa (Akhir)
A5: Pakaian | B5: =SUMIF('Penjualan VLOOKUP'!$E$2:$E$11, A5, 'Penjualan VLOOKUP'!$F$2:$F$11) -> 37 | C5: =SUMIF('Penjualan VLOOKUP'!$E$2:$E$11, A5, 'Penjualan VLOOKUP'!$H$2:$H$11) -> 4315000 | D5: =SUMIF('Penjualan VLOOKUP'!$E$2:$E$11, A5, 'Penjualan VLOOKUP'!$I$2:$I$11) -> 1835000 | E5: =SUMIF(Inventory!$C$2:$C$9, A5, Inventory!$I$2:$I$9) -> 140
A6: Sepatu | B6: =SUMIF('Penjualan VLOOKUP'!$E$2:$E$11, A6, 'Penjualan VLOOKUP'!$F$2:$F$11) -> 7 | C6: =SUMIF('Penjualan VLOOKUP'!$E$2:$E$11, A6, 'Penjualan VLOOKUP'!$H$2:$H$11) -> 1750000 | D6: =SUMIF('Penjualan VLOOKUP'!$E$2:$E$11, A6, 'Penjualan VLOOKUP'!$I$2:$I$11) -> 700000 | E6: =SUMIF(Inventory!$C$2:$C$9, A6, Inventory!$I$2:$I$9) -> 15
A7: Tas | B7: =SUMIF('Penjualan VLOOKUP'!$E$2:$E$11, A7, 'Penjualan VLOOKUP'!$F$2:$F$11) -> 2 | C7: =SUMIF('Penjualan VLOOKUP'!$E$2:$E$11, A7, 'Penjualan VLOOKUP'!$H$2:$H$11) -> 370000 | D7: =SUMIF('Penjualan VLOOKUP'!$E$2:$E$11, A7, 'Penjualan VLOOKUP'!$I$2:$I$11) -> 150000 | E7: =SUMIF(Inventory!$C$2:$C$9, A7, Inventory!$I$2:$I$9) -> 15
A8: Aksesoris | B8: =SUMIF('Penjualan VLOOKUP'!$E$2:$E$11, A8, 'Penjualan VLOOKUP'!$F$2:$F$11) -> 16 | C8: =SUMIF('Penjualan VLOOKUP'!$E$2:$E$11, A8, 'Penjualan VLOOKUP'!$H$2:$H$11) -> 1010000 | D8: =SUMIF('Penjualan VLOOKUP'!$E$2:$E$11, A8, 'Penjualan VLOOKUP'!$I$2:$I$11) -> 490000 | E8: =SUMIF(Inventory!$C$2:$C$9, A8, Inventory!$I$2:$I$9) -> 75
A9: Total Keseluruhan | B9: =SUM(B5:B8) -> 62 | C9: =SUM(C5:C8) -> 7445000 | D9: =SUM(D5:D8) -> 3175000 | E9: =SUM(E5:E8) -> 245
A11: Contoh Penggunaan Formula SUMIF :
A12: Contoh penjelasan rumus formula pada kolom B5 Total Qty Terjual = SUMIF(Penjualan!$E$2:$E$11; A5; Penjualan!$F$2:$F$11)
A13: Mencari Kategori Produk yang berada di Sheet Penjualan cell E2 sampai E11 berdasarkan kolom A5 yaitu Kategori Produk Pakaian
A14: Kemudian menjumlahkan kolom Qty Terjual pada Sheet Penjualan cell F2 sampai F11 yang masuk Kategori Produk Pakaian

Sheet Pivot Table
A1: Kode Barang | B1: All
A3: Kategori | B3: Nama Barang | C3: Sum of Stok Awal | D3: Sum of Stok Masuk | E3: Sum of Stok Terjual | F3: Sum of Stok Akhir
A4: Aksesoris | B4: Dompet Kulit Sintetis | C4: 35 | D4: 15 | E4: 25 | F4: 25
B5: Topi Baseball Polos | C5: 60 | D5: 40 | E5: 50 | F5: 50
A6: Pakaian | B6: Celana Chinos Panjang | C6: 40 | D6: 20 | E6: 35 | F6: 25
B7: Jaket Hoodie Fleece | C7: 30 | D7: 15 | E7: 25 | F7: 20
B8: Kaos Polos Cotton Combed | C8: 80 | D8: 50 | E8: 70 | F8: 60
B9: Kemeja Flanel Casual | C9: 50 | D9: 30 | E9: 45 | F9: 35
A10: Sepatu | B10: Sepatu Sneakers Kanvas | C10: 25 | D10: 10 | E10: 20 | F10: 15
A11: Tas | B11: Tas Ransel Laptop | C11: 20 | D11: 10 | E11: 15 | F11: 15
A12: Grand Total | C12: 340 | D12: 190 | E12: 285 | F12: 245

Sheet Penggunaan HLOOKUP
A1: Atribut / Kolom | B1: Kolom 1 | C1: Kolom 2 | D1: Kolom 3 | E1: Kolom 4
A2: Kode Barang | B2: BRG001 | C2: BRG002 | D2: BRG003 | E2: BRG004
A3: Nama Barang | B3: Kemeja Flanel | C3: Celana Chinos | D3: Jaket Hoodie | E3: Sepatu Sneakers
A4: Harga Modal (IDR) | B4: 75000 | C4: 95000 | D4: 120000 | E4: 150000
A5: Stok | B5: 50 | C5: 40 | D5: 30 | E5: 25
A7: SIMULASI PENGGUNAAN HLOOKUP
A9: Keterangan Pencarian | B9: Rumus HLOOKUP | C9: Hasil Output
A10: Mencari Harga Modal BRG002 | B10: =HLOOKUP("BRG002", $A$2:$E$5, 3, FALSE) -> 95000 | C10: =B10 -> 95000
A11: Mencari Nama Barang BRG002 | B11: =HLOOKUP("BRG002", $A$2:$E$5, 2, FALSE) -> Celana Chinos | C11: =B11 -> Celana Chinos
